n, x0, x1, d, s, y, c, rx0, rx1, truey at xrecc, taq, tev, trc, realtime, condition, aqauxdata
1, -0.48398597915989283, 0.6166635485320744, [nan], 0.0, 22.344111452163812, 1.0, -0.48398597915989283, 0.6166635485320744, 22.344111452163812,0.0006529999999997926, 0.0005950000000001232, 9.599999999987396e-05, 17:37:01  16-04-20,0.0,host blossom-instance
2, 0.1848829648276733, -0.8249689053952673, [nan], 0.0, 22.098030635355652, 1.0, 0.1848829648276733, -0.8249689053952673, 22.098030635355652,0.00026399999999981993, 0.0004250000000001197, 9.40000000000385e-05, 17:37:01  16-04-20,0.0,host blossom-instance
3, 0.34386940414000455, 0.6326099140713888, [nan], 0.0, 21.367296720322145, 1.0, 0.34386940414000455, 0.6326099140713888, 21.367296720322145,0.000256000000000034, 0.00045700000000015173, 9.799999999993148e-05, 17:37:01  16-04-20,0.0,host blossom-instance
4, 0.9050085509084396, 0.05786211192714896, [nan], 0.0, 21.43435513568459, 1.0, 0.34386940414000455, 0.6326099140713888, 21.367296720322145,0.000256000000000034, 0.0003849999999998577, 9.300000000012076e-05, 17:37:01  16-04-20,0.0,host blossom-instance
5, 0.7794643461486599, 0.443325969160989, [nan], 0.0, 22.126234919792857, 1.0, 0.34386940414000455, 0.6326099140713888, 21.367296720322145,0.0002529999999998367, 0.00038599999999999746, 8.700000000017027e-05, 17:37:01  16-04-20,0.0,host blossom-instance
6, 0.5748767116381481, -0.4520297342520945, [nan], 0.0, 22.073517237550945, 1.0, 0.34386940414000455, 0.6326099140713888, 21.367296720322145,0.00024999999999986144, 0.0003820000000001045, 8.900000000000574e-05, 17:37:01  16-04-20,0.0,host blossom-instance
7, -0.8464001073274445, 0.08152657454440648, [nan], 0.0, 22.292918097854095, 1.0, 0.34386940414000455, 0.6326099140713888, 21.367296720322145,0.0002809999999999757, 0.0003820000000001045, 0.00011799999999984045, 17:37:01  16-04-20,0.0,host blossom-instance
8, -0.017720097037712712, 0.8094289940352353, [nan], 0.0, 22.16172363730844, 1.0, 0.34386940414000455, 0.6326099140713888, 21.367296720322145,0.00023499999999998522, 0.0004049999999999887, 8.800000000008801e-05, 17:37:01  16-04-20,0.0,host blossom-instance
9, 0.28030109005217385, 0.6094396189452067, [nan], 0.0, 22.109901331814385, 1.0, 0.34386940414000455, 0.6326099140713888, 21.367296720322145,0.0002469999999998862, 0.0003900000000001125, 9.700000000001374e-05, 17:37:01  16-04-20,0.0,host blossom-instance
10, -0.7668797783427459, 0.8552395150894325, [nan], 0.0, 21.46678345609309, 1.0, 0.34386940414000455, 0.6326099140713888, 21.367296720322145,0.0002489999999999437, 0.00038800000000005497, 9.700000000001374e-05, 17:37:01  16-04-20,0.0,host blossom-instance
11, 0.42956274431590813, 0.6339477783347737, [nan], 0.0, 20.31205366719926, 1.0, 0.43188688530526487, 0.6399281777704122, 20.811569499635315,42.900361000000004, 0.0005359999999967613, 0.13448300000000302, 17:37:40  16-04-20,0.0,AQvalue [0.35],HYPstats {'mean': array([0.47  0.10  0.43])  'std': array([0.17  0.14  0.26])  'max': array([1.13  0.68  1.09])  'min': array([0.25  0.01  0.00 ])},DIRECTmessage b'CONVERGENCE: NORM_OF_PROJECTED_GRADIENT_<=_PGTOL',host blossom-instance,kindex 0,mindraws [[-0.14  0.57]; [-0.43  0.70]; [ 0.39  -0.95]; [-0.43  0.78]; [ 0.72   0.76]; [-0.38 -0.16]; [-0.82 -0.70]; [-0.47 -0.90]; [-0.45 -0.04]; [-0.07   0.06]; [-0.40  0.48]; [-0.79 -0.97]; [-0.43  0.63]; [ 0.14 -0.24]; [ 0.99   0.71  ]; [-0.95 -0.30]; [-0.96  0.06]; [-0.42  0.75 ]; [ 0.96  0.75]; [ 0.92 -0.14]; [-0.36  0.59]; [ 0.78 -0.84  ]; [ 0.55 -0.78]; [ 0.70 -0.17]; [ 0.65  0.32]; [ 0.80 -0.56]; [-0.66  0.20]; [-0.40 -0.49]; [-0.39  0.84]; [ 0.45   0.10]; [-0.97 -0.93]; [ 0.24 -0.88]; [ 0.73  -0.52]; [ 0.06  0.05]; [-0.51  0.44]; [ 0.83  0.76]],PESmin [-0.35],HYPdraws [array([0.28  0.02  0.50])  array([0.40   0.02  0.71])  array([0.46  0.01  0.44])  array([1.13  0.07  0.78 ])  array([0.70  0.03  0.25])  array([0.47  0.06  0.35])  array([0.62  0.11  0.28])  array([0.36  0.04  0.52])  array([0.54  0.10  0.59])  array([0.51  0.07  0.95])  array([0.41  0.11  0.39])  array([0.42  0.05  0.72])  array([0.47  0.07  0.33])  array([0.33  0.04  0.44])  array([0.36  0.05  1.09])  array([0.63  0.11  0.36])  array([0.36    0.07  0.13])  array([0.50  0.17  0.08 ])  array([0.52  0.68  0.00 ])  array([0.39  0.50  0.02])  array([0.25  0.06  0.17  ])  array([0.59  0.10  0.55])  array([0.45  0.07  0.38])  array([0.28  0.01  0.66])  array([0.28  0.03  0.12])  array([0.30  0.04  0.33])  array([0.64  0.07  0.19])  array([0.48  0.09  0.67  ])],PIatX [0.40]reuseH [array([0.28  0.02  0.50])  array([0.40   0.02  0.71])  array([0.46  0.01  0.44])  array([1.13  0.07  0.78 ])  array([0.70  0.03  0.25])  array([0.47  0.06  0.35])  array([0.62  0.11  0.28])  array([0.36  0.04  0.52])  array([0.54  0.10  0.59])  array([0.51  0.07  0.95])  array([0.41  0.11  0.39])  array([0.42  0.05  0.72])  array([0.47  0.07  0.33])  array([0.33  0.04  0.44])  array([0.36  0.05  1.09])  array([0.63  0.11  0.36])  array([0.36    0.07  0.13])  array([0.50  0.17  0.08 ])  array([0.52  0.68  0.00 ])  array([0.39  0.50  0.02])  array([0.25  0.06  0.17  ])  array([0.59  0.10  0.55])  array([0.45  0.07  0.38])  array([0.28  0.01  0.66])  array([0.28  0.03  0.12])  array([0.30  0.04  0.33])  array([0.64  0.07  0.19])  array([0.48  0.09  0.67  ])],R [[-0.99  0.01 ]; [ 0.01   0.99]],rpve 0.0,ppveatx 0.31
12, 1.0, 0.6738803274912452, [nan], 0.0, 20.88744082241814, 1.0, 0.44846886443597833, 0.638432597981786, 21.88874411823388,42.810494000000006, 0.0005769999999927222, 0.13650900000000377, 17:38:19  16-04-20,0.0,AQvalue [0.62],HYPstats {'mean': array([0.69  0.11  0.40])  'std': array([0.13  0.04  0.24])  'max': array([1.07  0.20  1.16])  'min': array([0.40  0.02  0.05  ])},DIRECTmessage b'CONVERGENCE: REL_REDUCTION_OF_F_<=_FACTR*EPSMCH',host blossom-instance,kindex 0,mindraws [[-0.70 -0.73]; [-0.78    0.68]; [-0.68  0.73]; [-0.77  0.63]; [-0.65  0.56]; [-0.68  0.73]; [-0.65  0.71]; [-0.67  0.91]; [-0.65  0.96]; [-0.65  0.56]; [-0.65  0.84]; [-0.65  0.56]; [-0.65  1.00]; [-0.68  0.73]; [-0.65  0.79]; [ 0.57  0.40]; [-0.69  0.84]; [-0.72  0.94]; [-0.80  0.74]; [-0.65  0.56]; [-0.65   0.70 ]; [-0.65  0.62]; [-0.70  1.00]; [-0.97 -0.42]; [-0.65  1.00]; [-0.65  0.96]; [-0.65   0.92]; [-0.67  0.75]; [-0.75  0.66]; [-0.37  0.51]; [-0.70  1.00]; [ 0.82 -0.51]; [-0.67  0.75]; [-0.65  0.83]; [-0.65  0.83]; [-0.34  0.25]],PESmin [-0.62],HYPdraws [array([0.61  0.06  0.48])  array([1.07  0.16  0.35])  array([0.58  0.02  0.81])  array([0.65  0.07  0.50])  array([0.56  0.08  1.16])  array([0.40  0.02  0.36])  array([0.63  0.10  0.21])  array([0.68  0.12  0.38])  array([0.74  0.12  0.64])  array([0.64  0.13  0.36])  array([0.63  0.05  0.16])  array([0.73  0.18  0.65])  array([0.59  0.10  0.47])  array([0.74  0.16   0.06])  array([0.69  0.12  0.32])  array([0.72  0.14  0.56])  array([0.79  0.19   0.23])  array([0.81  0.15  0.39 ])  array([0.92  0.15  0.10])  array([0.67  0.07  0.52])  array([0.59  0.05   0.05  ])  array([0.69  0.09  0.68])  array([0.64  0.13  0.39])  array([0.78  0.08  0.21])  array([0.70  0.09  0.29])  array([0.88  0.20  0.47])  array([0.50   0.10  0.06])  array([0.59  0.10  0.22 ])],PIatX [0.64]reuseH [array([0.61  0.06  0.48])  array([1.07  0.16  0.35])  array([0.58  0.02  0.81])  array([0.65  0.07  0.50])  array([0.56  0.08  1.16])  array([0.40  0.02  0.36])  array([0.63  0.10  0.21])  array([0.68  0.12  0.38])  array([0.74  0.12  0.64])  array([0.64  0.13  0.36])  array([0.63  0.05  0.16])  array([0.73  0.18  0.65])  array([0.59  0.10  0.47])  array([0.74  0.16   0.06])  array([0.69  0.12  0.32])  array([0.72  0.14  0.56])  array([0.79  0.19   0.23])  array([0.81  0.15  0.39 ])  array([0.92  0.15  0.10])  array([0.67  0.07  0.52])  array([0.59  0.05   0.05  ])  array([0.69  0.09  0.68])  array([0.64  0.13  0.39])  array([0.78  0.08  0.21])  array([0.70  0.09  0.29])  array([0.88  0.20  0.47])  array([0.50   0.10  0.06])  array([0.59  0.10  0.22 ])],R [[-0.01 -0.99]; [ 0.99 -0.01]],rpve 0.0,ppveatx 0.44
13, 0.529286745741783, 0.7015080367583112, [nan], 0.0, 20.396879969524324, 1.0, 0.659034621710758, 0.60822733875029, 21.637957134980958,42.252661, 0.0005929999999807478, 0.13674600000001647, 17:38:57  16-04-20,0.0,AQvalue [0.38],HYPstats {'mean': array([0.79  0.40  0.11 ])  'std': array([0.20  0.25  0.03])  'max': array([1.35  0.98   0.22])  'min': array([0.51  0.10  0.04])},DIRECTmessage b'CONVERGENCE: NORM_OF_PROJECTED_GRADIENT_<=_PGTOL',host blossom-instance,kindex 0,mindraws [[ 0.19   0.40]; [-0.24 -0.26]; [-0.60  0.86]; [ 1.00  0.72 ]; [ 0.38  0.41]; [-0.91 -0.48]; [ 0.65  0.42 ]; [ 0.49  0.50]; [ 0.08  0.38]; [ 1.01  0.70]; [ 0.70  0.51]; [ 0.70  0.60 ]; [-0.34  0.80 ]; [-0.60  0.86]; [-1.00 -0.25  ]; [ 1.00  0.38]; [-0.97  0.74]; [ 0.84  0.47]; [ 1.02  0.94]; [ 0.37  0.99]; [ 0.43  0.39]; [ 0.09  0.56]; [ 0.69  0.48]; [-0.98   0.72]; [ 0.71  0.51]; [ 0.73  0.51]; [-0.00   1.00]; [-0.86 -0.53]; [ 0.07  0.45]; [-0.69 -0.07]; [ 0.12 -0.29]; [ 0.81  0.72]; [-0.99  0.35]; [ 0.84  0.45]; [-0.55 -0.77 ]; [ 0.43  0.42]],PESmin [-0.38],HYPdraws [array([0.61  0.20  0.06])  array([0.76  0.98   0.10])  array([0.79  0.97  0.07])  array([0.93  0.55   0.14])  array([0.61  0.19  0.12])  array([0.61  0.25  0.11])  array([1.16  0.41  0.09])  array([0.58   0.24  0.04])  array([0.72  0.27  0.17])  array([0.91  0.83  0.15])  array([0.65  0.11  0.06])  array([0.58  0.11  0.10])  array([0.73  0.43  0.09])  array([0.70   0.54  0.08])  array([0.94  0.50  0.13])  array([0.81  0.16  0.12])  array([0.92  0.33  0.07])  array([0.53  0.10  0.05])  array([0.83  0.42  0.11])  array([0.89  0.15  0.22])  array([0.69  0.94  0.11])  array([0.71  0.25  0.07])  array([1.12  0.20  0.13])  array([1.35  0.29    0.14])  array([0.51  0.37  0.07 ])  array([0.55  0.50  0.12])  array([1.03   0.46   0.13])  array([0.87  0.53  0.14 ])],PIatX [0.33]reuseH [array([0.61  0.20  0.06])  array([0.76  0.98   0.10])  array([0.79  0.97  0.07])  array([0.93  0.55   0.14])  array([0.61  0.19  0.12])  array([0.61  0.25  0.11])  array([1.16  0.41  0.09])  array([0.58   0.24  0.04])  array([0.72  0.27  0.17])  array([0.91  0.83  0.15])  array([0.65  0.11  0.06])  array([0.58  0.11  0.10])  array([0.73  0.43  0.09])  array([0.70   0.54  0.08])  array([0.94  0.50  0.13])  array([0.81  0.16  0.12])  array([0.92  0.33  0.07])  array([0.53  0.10  0.05])  array([0.83  0.42  0.11])  array([0.89  0.15  0.22])  array([0.69  0.94  0.11])  array([0.71  0.25  0.07])  array([1.12  0.20  0.13])  array([1.35  0.29    0.14])  array([0.51  0.37  0.07 ])  array([0.55  0.50  0.12])  array([1.03   0.46   0.13])  array([0.87  0.53  0.14 ])],R [[ 0.02  0.99]; [ 0.99 -0.02]],rpve 0.0,ppveatx 0.61
14, 0.4730802189933878, 0.8454696100208132, [nan], 0.0, 21.85816640106836, 1.0, 0.6856761624079133, 0.6067223279887831, 21.978116569629353,43.075357999999994, 0.0006300000000010186, 0.13723300000000904, 17:39:37  16-04-20,0.0,AQvalue [0.49],HYPstats {'mean': array([0.76  0.44  0.11])  'std': array([0.17  0.22  0.02])  'max': array([1.21  1.06  0.18])  'min': array([0.52  0.10  0.06])},DIRECTmessage b'CONVERGENCE: NORM_OF_PROJECTED_GRADIENT_<=_PGTOL',host blossom-instance,kindex 0,mindraws [[-0.10 -0.28]; [ 0.47 -0.12]; [ 0.28 -0.68]; [ 0.99  0.95]; [-0.99 -0.19]; [-0.93 -0.96]; [-0.86  0.49]; [-0.56  0.50]; [-0.98  0.50]; [-0.98  0.45]; [-0.09  0.41]; [-0.87  0.42]; [-0.42  0.43]; [-0.98  0.44]; [-0.97  0.77]; [ 0.86 -0.14]; [ 0.01  0.46]; [ 0.73   0.88]; [-0.63  0.46]; [ 0.10 -0.16]; [-0.88  0.43]; [-0.59  0.45]; [-0.77  0.46]; [-0.75  0.44]; [ 0.20  0.41]; [ 0.07 -0.22]; [ 0.34 -1.01]; [-0.66  0.45]; [ 0.10 -0.16]; [ 0.81  0.73]; [ 0.36  0.33]; [ 0.36  0.00]; [-0.62  0.45 ]; [ 0.10  0.66]; [-0.62  0.46]; [-0.30   0.46]],PESmin [-0.49],HYPdraws [array([0.71  0.53  0.06])  array([0.77  0.46  0.11])  array([0.90  0.20  0.13])  array([0.89  0.70  0.14])  array([0.62  0.30  0.08])  array([0.86  0.13   0.17])  array([1.03  0.63  0.12 ])  array([0.70  0.45  0.11])  array([0.64  0.37  0.10])  array([1.01  0.73  0.13])  array([0.52  0.50  0.11])  array([0.65  0.15  0.12])  array([0.95   0.74  0.12])  array([0.87  0.17  0.12])  array([0.62  1.06  0.11])  array([0.56  0.20  0.11])  array([0.64  0.50  0.10])  array([0.65  0.10  0.07])  array([1.03  0.41  0.18])  array([0.89  0.71  0.10])  array([0.65  0.45  0.14])  array([1.21  0.17  0.13])  array([0.93  0.38  0.10])  array([0.61  0.48  0.10])  array([0.59  0.35  0.09])  array([0.59  0.34   0.07])  array([0.52   0.58  0.09])  array([0.66   0.40  0.08])],PIatX [0.37]reuseH [array([0.71  0.53  0.06])  array([0.77  0.46  0.11])  array([0.90  0.20  0.13])  array([0.89  0.70  0.14])  array([0.62  0.30  0.08])  array([0.86  0.13   0.17])  array([1.03  0.63  0.12 ])  array([0.70  0.45  0.11])  array([0.64  0.37  0.10])  array([1.01  0.73  0.13])  array([0.52  0.50  0.11])  array([0.65  0.15  0.12])  array([0.95   0.74  0.12])  array([0.87  0.17  0.12])  array([0.62  1.06  0.11])  array([0.56  0.20  0.11])  array([0.64  0.50  0.10])  array([0.65  0.10  0.07])  array([1.03  0.41  0.18])  array([0.89  0.71  0.10])  array([0.65  0.45  0.14])  array([1.21  0.17  0.13])  array([0.93  0.38  0.10])  array([0.61  0.48  0.10])  array([0.59  0.35  0.09])  array([0.59  0.34   0.07])  array([0.52   0.58  0.09])  array([0.66   0.40  0.08])],R [[-0.03   -0.99]; [ 0.99 -0.03  ]],rpve 0.0,ppveatx 0.61
15, 0.5182170708436061, 0.5697768704706513, [nan], 0.0, 21.773007878824156, 1.0, 0.46700905421536226, 0.6702463310300659, 20.281184293950137,40.560175999999984, 0.0005850000000009459, 0.1359690000000171, 17:40:13  16-04-20,0.0,AQvalue [0.44],HYPstats {'mean': array([0.79  0.14  0.12])  'std': array([0.20   0.05   0.03])  'max': array([1.16  0.32  0.22])  'min': array([0.47  0.06   0.05 ])},DIRECTmessage b'CONVERGENCE: REL_REDUCTION_OF_F_<=_FACTR*EPSMCH',host blossom-instance,kindex 0,mindraws [[-0.52  0.06]; [ 0.75 -0.09]; [ 0.49  0.92 ]; [-0.92 -0.36 ]; [-0.77 -0.30]; [ 0.26 -0.29]; [ 0.77 -0.12]; [-0.15 -1.00]; [ 0.55  0.87]; [ 0.78  -0.05]; [-1.13 -0.23]; [ 0.26  0.04]; [ 1.10 -0.00]; [ 0.78  -0.05]; [-0.28 -0.99]; [-0.18  -0.36]; [ 0.48 -0.37]; [-0.18  1.04]; [ 0.06  0.04]; [-0.95 -0.06 ]; [ 0.78  -0.05]; [ 0.80 -0.12]; [-1.18 -0.13]; [-0.60 -0.35]; [-0.17 -0.44]; [ 0.82 -0.03]; [ 0.64 -0.05]; [ 0.64 -0.05]; [ 0.78 -0.48]; [ 0.22 -0.14]; [-0.25  0.37]; [ 0.82 -0.07]; [-0.45  0.93]; [-0.58  0.48]; [ 0.33  0.56]; [ 0.70 -0.03 ]],PESmin [-0.44],HYPdraws [array([1.02  0.12  0.13])  array([0.90  0.15   0.11])  array([0.62  0.11  0.13])  array([1.10  0.13  0.13])  array([0.84   0.19  0.11])  array([1.16  0.24  0.16])  array([0.55  0.15  0.17])  array([0.72  0.13  0.09])  array([1.10   0.22  0.14])  array([1.07  0.15  0.16])  array([0.92  0.14  0.15])  array([0.55  0.08   0.13])  array([0.59  0.14  0.11])  array([0.87  0.21  0.11])  array([0.90  0.14  0.05])  array([0.56  0.08  0.13])  array([0.89  0.32  0.18 ])  array([0.47  0.14  0.08])  array([0.54  0.11  0.12])  array([0.94  0.11  0.12 ])  array([0.80  0.13  0.16])  array([0.59  0.10   0.11])  array([0.83  0.08  0.22])  array([1.07  0.15  0.17])  array([0.66  0.10  0.05 ])  array([0.60  0.07  0.09])  array([0.60  0.13  0.11])  array([0.54  0.06   0.06])],PIatX [0.44]reuseH [array([1.02  0.12  0.13])  array([0.90  0.15   0.11])  array([0.62  0.11  0.13])  array([1.10  0.13  0.13])  array([0.84   0.19  0.11])  array([1.16  0.24  0.16])  array([0.55  0.15  0.17])  array([0.72  0.13  0.09])  array([1.10   0.22  0.14])  array([1.07  0.15  0.16])  array([0.92  0.14  0.15])  array([0.55  0.08   0.13])  array([0.59  0.14  0.11])  array([0.87  0.21  0.11])  array([0.90  0.14  0.05])  array([0.56  0.08  0.13])  array([0.89  0.32  0.18 ])  array([0.47  0.14  0.08])  array([0.54  0.11  0.12])  array([0.94  0.11  0.12 ])  array([0.80  0.13  0.16])  array([0.59  0.10   0.11])  array([0.83  0.08  0.22])  array([1.07  0.15  0.17])  array([0.66  0.10  0.05 ])  array([0.60  0.07  0.09])  array([0.60  0.13  0.11])  array([0.54  0.06   0.06])],R [[ 0.73  0.68]; [ 0.68 -0.73]],rpve 0.0,ppveatx 0.68
16, -0.010769501948107644, -0.6497330523502628, [nan], 0.0, 22.21169984410346, 1.0, 0.6130333823241804, 0.6473305332038247, 22.27860576476612,41.6216, 0.0005769999999927222, 0.13711600000002022, 17:40:51  16-04-20,0.0,AQvalue [0.17],HYPstats {'mean': array([0.83  0.29  0.06])  'std': array([0.27  0.10  0.01])  'max': array([1.66   0.62  0.11])  'min': array([0.46  0.10  0.03])},DIRECTmessage b'CONVERGENCE: NORM_OF_PROJECTED_GRADIENT_<=_PGTOL',host blossom-instance,kindex 0,mindraws [[-1.15 -0.11 ]; [ 0.39 -0.01]; [ 0.09 -0.14 ]; [-0.47 -0.38]; [-0.70  -0.48]; [-0.16  0.54]; [-0.31 -0.92]; [ 0.67  0.29]; [ 0.26  0.48]; [ 0.31 -0.95]; [ 0.08 -0.40]; [ 0.58 -0.50]; [ 0.42  0.85]; [ 1.08  0.31]; [ 1.36  0.03]; [ 0.55  0.42 ]; [-0.62  0.30]; [-0.32   0.14]; [ 0.03  1.25]; [ 1.01 -0.00]; [-0.16  0.54]; [ 0.49  0.45]; [ 0.21  0.22]; [ 0.67  0.50 ]; [-0.20  0.32]; [-0.15 -0.12 ]; [-0.52  0.49]; [ 1.05 -0.19]; [ 0.08 -0.99]; [-0.15 -1.27]; [-0.72  0.67]; [ 1.18 -0.07]; [-0.05 -0.47]; [ 0.14  0.01]; [-0.54   0.12]; [-0.49  0.87 ]],PESmin [-0.17],HYPdraws [array([0.69   0.33  0.08])  array([0.89  0.30  0.07])  array([0.58  0.22  0.05])  array([0.58  0.14  0.06])  array([0.69  0.26  0.07])  array([0.58  0.10  0.08])  array([0.69  0.26  0.07])  array([0.53  0.20  0.09])  array([1.46  0.18   0.07])  array([0.98  0.19  0.07])  array([0.46  0.26  0.05])  array([0.78  0.39  0.06])  array([0.53  0.12  0.05])  array([0.93  0.39  0.03])  array([1.17  0.32  0.03])  array([1.66   0.62  0.08])  array([1.20  0.37  0.08])  array([0.86  0.40  0.05])  array([0.77  0.28   0.05])  array([0.96  0.32  0.08])  array([0.86  0.30  0.11])  array([0.93  0.44  0.06])  array([0.97  0.28  0.06])  array([0.82  0.36  0.05])  array([0.65  0.27  0.07])  array([0.72  0.36  0.08 ])  array([0.71  0.29  0.05])  array([0.58  0.16  0.04])],PIatX [0.06]reuseH [array([0.69   0.33  0.08])  array([0.89  0.30  0.07])  array([0.58  0.22  0.05])  array([0.58  0.14  0.06])  array([0.69  0.26  0.07])  array([0.58  0.10  0.08])  array([0.69  0.26  0.07])  array([0.53  0.20  0.09])  array([1.46  0.18   0.07])  array([0.98  0.19  0.07])  array([0.46  0.26  0.05])  array([0.78  0.39  0.06])  array([0.53  0.12  0.05])  array([0.93  0.39  0.03])  array([1.17  0.32  0.03])  array([1.66   0.62  0.08])  array([1.20  0.37  0.08])  array([0.86  0.40  0.05])  array([0.77  0.28   0.05])  array([0.96  0.32  0.08])  array([0.86  0.30  0.11])  array([0.93  0.44  0.06])  array([0.97  0.28  0.06])  array([0.82  0.36  0.05])  array([0.65  0.27  0.07])  array([0.72  0.36  0.08 ])  array([0.71  0.29  0.05])  array([0.58  0.16  0.04])],R [[-0.71 -0.69]; [ 0.69 -0.71]],rpve 0.0,ppveatx 0.65
17, 0.5960563573271619, 0.8130543015024506, [nan], 0.0, 21.738019972760338, 1.0, 0.6399579645616946, 0.6442659225019319, 21.791096960372276,48.46607700000001, 0.0006229999999618485, 0.1390580000000341, 17:41:35  16-04-20,1e-16,AQvalue [0.22],HYPstats {'mean': array([0.71  0.31  0.06])  'std': array([0.14  0.11  0.01])  'max': array([1.03  0.56  0.09])  'min': array([0.46  0.04  0.03 ])},DIRECTmessage b'CONVERGENCE: NORM_OF_PROJECTED_GRADIENT_<=_PGTOL',host blossom-instance,kindex 0,mindraws [[-0.30  0.22]; [ 1.25 -0.16]; [ 0.96 -0.15]; [-0.43  0.58]; [-0.84 -0.21]; [ 0.84  -0.14]; [ 0.67 -0.10]; [ 0.01 -0.57]; [-0.94  0.20]; [-0.09 -0.62]; [-1.09 -0.10]; [-0.17  0.94]; [-1.07  0.31]; [ 0.23  -0.37]; [-0.15   0.80]; [-0.03  0.04]; [ 1.09  0.17]; [ 0.06  1.11]; [-0.86  0.47]; [-0.09 -0.58]; [-0.05   1.32]; [-0.05 -1.05]; [-0.30 -0.31]; [-0.20 -0.50]; [ 0.74  0.51]; [ 1.22  0.03]; [ 0.05  0.35]; [ 1.35  0.04]; [ 0.02  0.41]; [ 0.16 -1.24]; [-0.67  0.25]; [ 0.74  0.36]; [-0.30  -0.52]; [-0.68  0.60 ]; [-1.21 -0.07]; [ 0.18  1.10 ]],PESmin [-0.22],HYPdraws [array([0.55  0.30  0.05])  array([0.49  0.14  0.06])  array([0.50  0.28  0.06])  array([0.66  0.04  0.06])  array([0.65  0.42  0.05])  array([0.74  0.18  0.09])  array([0.73  0.31  0.07])  array([0.90  0.52  0.09])  array([0.50  0.22  0.06])  array([0.65  0.46  0.05])  array([0.91  0.25  0.09])  array([1.03  0.31  0.06])  array([0.46  0.25   0.03 ])  array([0.60   0.33  0.04])  array([0.73  0.39  0.05  ])  array([0.96   0.47  0.04])  array([0.77  0.56  0.07])  array([0.62  0.28  0.06])  array([0.89  0.46  0.04])  array([0.79  0.27  0.06])  array([0.64  0.23  0.06])  array([0.74  0.31  0.06])  array([0.77  0.33  0.03])  array([0.86  0.31  0.07])  array([0.61  0.28  0.05])  array([0.78  0.23  0.06])  array([0.58  0.25  0.06])  array([0.67   0.27  0.06])],PIatX [0.25]reuseH [array([0.55  0.30  0.05])  array([0.49  0.14  0.06])  array([0.50  0.28  0.06])  array([0.66  0.04  0.06])  array([0.65  0.42  0.05])  array([0.74  0.18  0.09])  array([0.73  0.31  0.07])  array([0.90  0.52  0.09])  array([0.50  0.22  0.06])  array([0.65  0.46  0.05])  array([0.91  0.25  0.09])  array([1.03  0.31  0.06])  array([0.46  0.25   0.03 ])  array([0.60   0.33  0.04])  array([0.73  0.39  0.05  ])  array([0.96   0.47  0.04])  array([0.77  0.56  0.07])  array([0.62  0.28  0.06])  array([0.89  0.46  0.04])  array([0.79  0.27  0.06])  array([0.64  0.23  0.06])  array([0.74  0.31  0.06])  array([0.77  0.33  0.03])  array([0.86  0.31  0.07])  array([0.61  0.28  0.05])  array([0.78  0.23  0.06])  array([0.58  0.25  0.06])  array([0.67   0.27  0.06])],R [[ 0.71  0.70]; [ 0.70 -0.71]],rpve 0.0,ppveatx 0.50
18, 0.46343737892221115, 0.6900865141869171, [nan], 0.0, 21.413891514851148, 1.0, 0.6232985135201081, 0.6991521610296791, 21.317970382849534,41.06017800000001, 0.0005309999999667525, 0.14173200000004726, 17:42:12  16-04-20,1e-16,AQvalue [0.27],HYPstats {'mean': array([0.70  0.14  0.06 ])  'std': array([0.15  0.04  0.02 ])  'max': array([1.11  0.21   0.11])  'min': array([0.41  0.04  0.01])},DIRECTmessage b'CONVERGENCE: REL_REDUCTION_OF_F_<=_FACTR*EPSMCH',host blossom-instance,kindex 0,mindraws [[ 0.10  0.45]; [ 0.26 -0.11]; [-0.77 -0.25]; [ 0.14  0.12]; [-0.79 -0.20]; [ 0.27  0.43 ]; [ 0.22 -0.49]; [-0.04  0.01]; [-1.14  0.19]; [ 1.05  -0.31]; [-0.60  0.77]; [ 1.18   0.10 ]; [-0.79  -0.22 ]; [ 0.38   0.14]; [-1.27 -0.01]; [-0.77 -0.25]; [-0.77 -0.24]; [-0.19 -0.55]; [ 0.78  0.49]; [-0.36 -1.14]; [ 0.39 -0.74]; [-0.15 -1.09]; [ 0.24 -0.28]; [ 0.22 -0.19]; [-0.85  0.59]; [-0.15  -1.40]; [ 0.22  0.94]; [-0.45  0.57]; [-0.79 -0.55]; [-0.53 -0.74]; [-0.11 -0.40]; [-0.34  0.27]; [ 0.69  0.14]; [ 0.36 -0.30]; [-0.02   1.16]; [-1.03  0.23]],PESmin [-0.27],HYPdraws [array([0.55  0.15   0.05])  array([0.79  0.13  0.10])  array([0.51  0.06  0.11])  array([0.59  0.08  0.07])  array([0.60   0.13   0.04])  array([0.59  0.20  0.03])  array([0.94  0.19  0.07])  array([0.88  0.17  0.06])  array([0.64  0.16  0.01])  array([0.66  0.14  0.08])  array([0.54  0.13  0.04])  array([0.80  0.19  0.09])  array([0.80  0.04  0.08 ])  array([0.66  0.15  0.09])  array([0.72  0.17  0.04])  array([0.72  0.08  0.06])  array([0.67   0.11  0.06])  array([1.11  0.16  0.08 ])  array([0.55  0.15  0.04])  array([0.73   0.12  0.03])  array([1.05  0.15  0.05])  array([0.71  0.18  0.07])  array([0.65  0.19  0.01])  array([0.73  0.16   0.04])  array([0.41  0.10   0.04])  array([0.50   0.13  0.07])  array([0.76  0.12  0.07])  array([0.78  0.21   0.07])],PIatX [0.35]reuseH [array([0.55  0.15   0.05])  array([0.79  0.13  0.10])  array([0.51  0.06  0.11])  array([0.59  0.08  0.07])  array([0.60   0.13   0.04])  array([0.59  0.20  0.03])  array([0.94  0.19  0.07])  array([0.88  0.17  0.06])  array([0.64  0.16  0.01])  array([0.66  0.14  0.08])  array([0.54  0.13  0.04])  array([0.80  0.19  0.09])  array([0.80  0.04  0.08 ])  array([0.66  0.15  0.09])  array([0.72  0.17  0.04])  array([0.72  0.08  0.06])  array([0.67   0.11  0.06])  array([1.11  0.16  0.08 ])  array([0.55  0.15  0.04])  array([0.73   0.12  0.03])  array([1.05  0.15  0.05])  array([0.71  0.18  0.07])  array([0.65  0.19  0.01])  array([0.73  0.16   0.04])  array([0.41  0.10   0.04])  array([0.50   0.13  0.07])  array([0.76  0.12  0.07])  array([0.78  0.21   0.07])],R [[-0.77 -0.62]; [ 0.62 -0.77]],rpve 0.0,ppveatx 0.40
19, 0.20871074660455483, 0.4528703657126998, [nan], 0.0, 21.988658391267183, 1.0, 0.8278971702002156, 0.6414913130644948, 21.399864852680775,45.931960000000004, 0.0005580000000122709, 0.1434459999999831, 17:42:53  16-04-20,1e-16,AQvalue [0.32],HYPstats {'mean': array([0.58  0.45  0.05])  'std': array([0.11  0.28   0.10])  'max': array([0.81  1.11  0.45])  'min': array([0.33  0.01  0.01])},DIRECTmessage b'CONVERGENCE: REL_REDUCTION_OF_F_<=_FACTR*EPSMCH',host blossom-instance,kindex 0,mindraws [[ 0.11 -0.52]; [ 0.95  -0.22 ]; [ 0.61  -0.71]; [ 0.17  1.22]; [-0.70  0.07]; [ 0.70 -0.22]; [-0.82  0.32]; [ 0.70 -0.22]; [-0.57  0.27]; [-0.35 -0.41]; [-0.52 -0.06]; [-0.00 -1.05]; [ 0.26 -0.33]; [-0.86  0.08]; [ 0.45 -0.21]; [ 1.18 -0.17]; [ 0.08 -0.91]; [ 0.70 -0.22]; [ 0.40 -0.23 ]; [ 0.39  0.26]; [ 0.75  0.10]; [-1.13  0.19]; [-0.28  0.37 ]; [-0.41 -0.69]; [-0.80  0.05]; [ 0.46   1.00]; [-1.17  0.07]; [ 0.59 -0.22 ]; [-1.13  0.05]; [-0.56  0.21]; [-0.04  0.30]; [ 0.84 -0.04]; [-0.15  0.25]; [-0.21   0.24]; [ 0.36  0.85]; [ 0.11  1.09]],PESmin [-0.32],HYPdraws [array([0.58  0.04  0.05])  array([0.52  0.01  0.45])  array([0.78  0.03  0.37])  array([0.71  0.69  0.02])  array([0.77  0.90  0.02])  array([0.81  0.39  0.02])  array([0.50  1.11  0.01])  array([0.60  0.48  0.02])  array([0.51   0.25  0.01])  array([0.61  0.07  0.03])  array([0.63   0.32  0.02])  array([0.45  0.41  0.01 ])  array([0.75  0.30  0.03])  array([0.54  0.47  0.02])  array([0.46  0.32  0.01])  array([0.46  0.57  0.01])  array([0.61  0.62  0.01])  array([0.50  0.40  0.01])  array([0.51  0.19  0.01])  array([0.64  0.18   0.03])  array([0.33  0.91  0.01])  array([0.62  0.50  0.02])  array([0.61  0.37  0.02])  array([0.61  0.73  0.02])  array([0.50  0.55  0.01])  array([0.71  0.62  0.02])  array([0.45  0.27  0.02])  array([0.58  0.97  0.02])],PIatX [0.27]reuseH [array([0.58  0.04  0.05])  array([0.52  0.01  0.45])  array([0.78  0.03  0.37])  array([0.71  0.69  0.02])  array([0.77  0.90  0.02])  array([0.81  0.39  0.02])  array([0.50  1.11  0.01])  array([0.60  0.48  0.02])  array([0.51   0.25  0.01])  array([0.61  0.07  0.03])  array([0.63   0.32  0.02])  array([0.45  0.41  0.01 ])  array([0.75  0.30  0.03])  array([0.54  0.47  0.02])  array([0.46  0.32  0.01])  array([0.46  0.57  0.01])  array([0.61  0.62  0.01])  array([0.50  0.40  0.01])  array([0.51  0.19  0.01])  array([0.64  0.18   0.03])  array([0.33  0.91  0.01])  array([0.62  0.50  0.02])  array([0.61  0.37  0.02])  array([0.61  0.73  0.02])  array([0.50  0.55  0.01])  array([0.71  0.62  0.02])  array([0.45  0.27  0.02])  array([0.58  0.97  0.02])],R [[ 0.78  0.62 ]; [ 0.62  -0.78]],rpve 0.0,ppveatx 0.51
20, 0.3001374118723023, 0.8066908322882778, [nan], 0.0, 20.796404920045003, 1.0, 0.30468282258202095, 0.8041422639342978, 20.756547957972487,44.577831, 0.0005380000000059226, 0.14228100000002541, 17:43:34  16-04-20,1e-16,AQvalue [0.17],HYPstats {'mean': array([0.68  0.14  0.09])  'std': array([0.16   0.08   0.14])  'max': array([1.30  0.27  0.46 ])  'min': array([0.44  0.00   0.00])},DIRECTmessage b'CONVERGENCE: REL_REDUCTION_OF_F_<=_FACTR*EPSMCH',host blossom-instance,kindex 0,mindraws [[-9.15e-01  2.69e-01]; [ 9.75e-04  4.03e-01]; [ 1.09e+00  1.80e-01]; [ 1.09e+00  1.80e-01]; [ 1.70e-02  4.28e-01]; [ 2.72e-01 -8.88e-01]; [-3.15e-01 -5.23e-01]; [-7.40e-01 -2.39e-01]; [ 2.59e-01 -4.79e-01]; [-1.06e-01 -9.78e-01]; [ 2.03e-01 -1.04e-01]; [-6.09e-01  6.79e-01]; [-3.50e-01 -1.13e+00]; [ 5.67e-01 -6.67e-01]; [-8.21e-01 -4.79e-01]; [ 4.38e-01  7.39e-01]; [-8.37e-01 -2.31e-01]; [ 9.75e-04  4.03e-01]; [ 1.08e+00  5.57e-02]; [-1.03e+00 -2.56e-01]; [ 4.21e-01  3.19e-01]; [ 4.57e-01  1.82e-01]; [ 9.42e-02  4.00e-01]; [ 4.29e-01  1.86e-01]; [-1.34e-01  1.14e+00]; [ 4.58e-01 -7.34e-01]; [-6.67e-01  6.63e-01]; [ 3.51e-01  1.07e+00]; [-2.76e-01 -7.72e-02]; [ 8.95e-01  4.22e-01]; [-9.94e-02  1.38e-01]; [-4.76e-01 -4.53e-01]; [ 4.61e-01  6.64e-01]; [ 1.28e+00 -2.86e-01]; [ 8.80e-01  1.01e-01]; [-2.86e-01  4.60e-01]],PESmin [-0.17],HYPdraws [array([0.78  0.07  0.02])  array([0.56  0.09  0.01])  array([0.57  0.21  0.01])  array([0.44  0.19  0.01])  array([0.53  0.18  0.01])  array([0.72   0.26  0.01 ])  array([0.59  0.26  0.01])  array([0.90  0.20  0.00])  array([0.71  0.22  0.01 ])  array([0.60  0.15   0.01])  array([0.69  0.22  0.01])  array([0.52  0.00   0.44])  array([0.78   0.01  0.46 ])  array([0.66   0.02  0.23])  array([0.53  0.01  0.20])  array([0.83  0.02   0.44])  array([0.67  0.02  0.10])  array([0.66  0.02   0.36])  array([0.70  0.24  0.01])  array([0.78   0.08  0.02])  array([0.60  0.18  0.02])  array([0.69  0.17  0.02])  array([0.46  0.27  0.01])  array([0.63  0.12  0.02])  array([0.60  0.22   0.01])  array([1.30  0.19  0.02])  array([0.90  0.14     0.04])  array([0.64  0.12  0.02])],PIatX [0.08]reuseH [array([0.78  0.07  0.02])  array([0.56  0.09  0.01])  array([0.57  0.21  0.01])  array([0.44  0.19  0.01])  array([0.53  0.18  0.01])  array([0.72   0.26  0.01 ])  array([0.59  0.26  0.01])  array([0.90  0.20  0.00])  array([0.71  0.22  0.01 ])  array([0.60  0.15   0.01])  array([0.69  0.22  0.01])  array([0.52  0.00   0.44])  array([0.78   0.01  0.46 ])  array([0.66   0.02  0.23])  array([0.53  0.01  0.20])  array([0.83  0.02   0.44])  array([0.67  0.02  0.10])  array([0.66  0.02   0.36])  array([0.70  0.24  0.01])  array([0.78   0.08  0.02])  array([0.60  0.18  0.02])  array([0.69  0.17  0.02])  array([0.46  0.27  0.01])  array([0.63  0.12  0.02])  array([0.60  0.22   0.01])  array([1.30  0.19  0.02])  array([0.90  0.14     0.04])  array([0.64  0.12  0.02])],R [[-0.80 -0.59]; [ 0.59 -0.80]],rpve 0.0,ppveatx 0.45
21, -0.00782570525345615, 0.5826254173018547, [nan], 0.0, 22.037841029163094, 1.0, 0.4295196622720594, 0.6184971553462377, 21.80143125990353,44.95820800000001, 0.0005459999999857246, 0.1451860000000238, 17:44:14  16-04-20,1e-16,AQvalue [0.11],HYPstats {'mean': array([0.66  0.02  0.34])  'std': array([0.13  0.01  0.17])  'max': array([1.08  0.06  0.68])  'min': array([0.49  0.00  0.06])},DIRECTmessage b'CONVERGENCE: REL_REDUCTION_OF_F_<=_FACTR*EPSMCH',host blossom-instance,kindex 0,mindraws [[ 0.48  0.28]; [-0.12 -0.09]; [-0.84  0.44]; [ 0.45   -0.78 ]; [-0.29   0.83  ]; [-0.03  1.21]; [-0.02  1.22 ]; [-0.40 -0.42]; [ 0.44 -0.79]; [ 0.59  0.02]; [-0.27 -0.63]; [ 0.98  0.27]; [ 0.17  0.59]; [-0.76  0.32]; [-0.17  0.56]; [ 0.17 -1.00]; [ 0.21  0.86]; [ 0.22  0.76]; [ 1.18 -0.31]; [-0.58  0.76]; [ 0.46  0.98]; [-0.63   0.27]; [-0.07  0.23]; [-0.43 -0.91 ]; [-0.05 -1.09]; [-0.22  0.30]; [-0.55  0.67]; [ 0.56  0.18]; [ 0.13 -0.32]; [-0.17 -1.26]; [-0.91  0.43]; [ 0.27 -0.49]; [-0.65   0.67]; [-0.66  0.23]; [-0.45    0.58]; [-0.55  0.67]],PESmin [-0.11],HYPdraws [array([0.54  0.02  0.12])  array([0.63  0.03  0.37])  array([0.70  0.03  0.06])  array([0.86  0.02  0.55])  array([0.50  0.00  0.28])  array([0.76  0.02   0.37])  array([0.55   0.02  0.65])  array([0.70  0.03  0.43])  array([0.49  0.03  0.26])  array([0.53   0.02  0.25])  array([0.66  0.02  0.29])  array([0.49  0.02  0.19 ])  array([1.08  0.01  0.30])  array([0.67  0.03   0.17])  array([0.58   0.02  0.21])  array([0.63  0.02  0.67])  array([0.74  0.01  0.30])  array([0.78  0.02  0.55 ])  array([0.84  0.01  0.68])  array([0.53   0.01  0.10 ])  array([0.70  0.03  0.53])  array([0.55  0.01  0.36])  array([0.52  0.02  0.29])  array([0.59  0.01  0.43])  array([0.80  0.02   0.36 ])  array([0.54  0.02  0.32])  array([0.77  0.01  0.40])  array([0.71  0.06  0.07])],PIatX [0.06]reuseH [array([0.54  0.02  0.12])  array([0.63  0.03  0.37])  array([0.70  0.03  0.06])  array([0.86  0.02  0.55])  array([0.50  0.00  0.28])  array([0.76  0.02   0.37])  array([0.55   0.02  0.65])  array([0.70  0.03  0.43])  array([0.49  0.03  0.26])  array([0.53   0.02  0.25])  array([0.66  0.02  0.29])  array([0.49  0.02  0.19 ])  array([1.08  0.01  0.30])  array([0.67  0.03   0.17])  array([0.58   0.02  0.21])  array([0.63  0.02  0.67])  array([0.74  0.01  0.30])  array([0.78  0.02  0.55 ])  array([0.84  0.01  0.68])  array([0.53   0.01  0.10 ])  array([0.70  0.03  0.53])  array([0.55  0.01  0.36])  array([0.52  0.02  0.29])  array([0.59  0.01  0.43])  array([0.80  0.02   0.36 ])  array([0.54  0.02  0.32])  array([0.77  0.01  0.40])  array([0.71  0.06  0.07])],R [[-0.59  0.80]; [ 0.80  0.59]],rpve 0.0,ppveatx 0.49
22, 0.4896219535233067, 0.5384417322958829, [nan], 0.0, 21.60688350003716, 1.0, 0.6180656012291594, 0.6375114922980603, 21.83850017756401,47.176098000000025, 0.0005709999999226056, 0.1493310000000747, 17:44:57  16-04-20,1e-16,AQvalue [0.33],HYPstats {'mean': array([0.62  0.30  0.02])  'std': array([0.11  0.16   0.01])  'max': array([1.00  0.70  0.04])  'min': array([0.43  0.05  0.00])},DIRECTmessage b'CONVERGENCE: REL_REDUCTION_OF_F_<=_FACTR*EPSMCH',host blossom-instance,kindex 0,mindraws [[ 0.51  0.08]; [-0.66 -0.29]; [-0.93  0.03]; [ 0.43  0.78]; [ 0.12 -0.78]; [ 0.87 -0.09]; [ 0.18  0.72]; [ 0.39 -0.94]; [-0.24  0.72 ]; [-1.08  0.38]; [-0.15  0.72]; [-0.10 -0.79]; [-0.25  0.10]; [ 0.23  0.72]; [ 0.86  0.12]; [-0.14  0.71]; [-0.23 -0.26]; [ 0.38 -0.65]; [ 0.13 -0.61]; [ 0.93  0.28]; [ 0.39 -0.75]; [ 1.05 -0.13]; [-0.54  0.84]; [-0.87 -0.17]; [-0.55  0.66]; [-0.24  0.72 ]; [-0.08  0.70]; [-0.14  0.71]; [ 0.34 -0.72]; [-0.34  0.83]; [-0.20  0.71]; [ 0.51  0.26]; [ 0.94  0.17]; [ 0.46   0.13]; [-0.02 -0.63]; [-0.30  0.20]],PESmin [-0.33],HYPdraws [array([0.64  0.59  0.00 ])  array([0.62  0.25  0.01])  array([0.64  0.16  0.04])  array([0.79  0.33  0.00])  array([0.51  0.28  0.00])  array([0.68  0.09  0.04])  array([0.57  0.10  0.04])  array([0.43  0.22  0.01])  array([0.60  0.19    0.01])  array([0.57  0.05  0.02])  array([0.53  0.06  0.04])  array([0.54  0.30  0.02])  array([0.56  0.27  0.01])  array([0.65   0.21  0.02])  array([0.61  0.45  0.01])  array([1.00  0.31  0.03])  array([0.83  0.70  0.03])  array([0.57  0.15  0.03 ])  array([0.51  0.29  0.01])  array([0.61  0.26  0.01])  array([0.56  0.46  0.01])  array([0.61   0.52  0.01])  array([0.77  0.43  0.00])  array([0.51  0.36  0.01])  array([0.74  0.56  0.01])  array([0.52  0.14  0.02])  array([0.51  0.37  0.01])  array([0.69  0.28  0.01])],PIatX [0.24]reuseH [array([0.64  0.59  0.00 ])  array([0.62  0.25  0.01])  array([0.64  0.16  0.04])  array([0.79  0.33  0.00])  array([0.51  0.28  0.00])  array([0.68  0.09  0.04])  array([0.57  0.10  0.04])  array([0.43  0.22  0.01])  array([0.60  0.19    0.01])  array([0.57  0.05  0.02])  array([0.53  0.06  0.04])  array([0.54  0.30  0.02])  array([0.56  0.27  0.01])  array([0.65   0.21  0.02])  array([0.61  0.45  0.01])  array([1.00  0.31  0.03])  array([0.83  0.70  0.03])  array([0.57  0.15  0.03 ])  array([0.51  0.29  0.01])  array([0.61  0.26  0.01])  array([0.56  0.46  0.01])  array([0.61   0.52  0.01])  array([0.77  0.43  0.00])  array([0.51  0.36  0.01])  array([0.74  0.56  0.01])  array([0.52  0.14  0.02])  array([0.51  0.37  0.01])  array([0.69  0.28  0.01])],R [[ 0.59 -0.80]; [ 0.80  0.59]],rpve 0.0,ppveatx 0.42
23, 0.38790270498692814, 0.7144936932907865, [nan], 0.0, 22.25827435518809, 1.0, 0.43074441531246604, 0.6188187295999424, 21.72918181307429,45.982257000000004, 0.0004940000000033251, 0.1455470000000787, 17:45:38  16-04-20,1e-16,AQvalue [0.43],HYPstats {'mean': array([0.62  0.01  0.21])  'std': array([0.13  0.00  0.11])  'max': array([0.99  0.04  0.61])  'min': array([0.41  0.00  0.07 ])},DIRECTmessage b'CONVERGENCE: NORM_OF_PROJECTED_GRADIENT_<=_PGTOL',host blossom-instance,kindex 0,mindraws [[-0.45 -0.76]; [-0.07 -1.20]; [-0.19  0.22]; [-0.73  0.33 ]; [-0.73  0.35]; [ 1.23 -0.17]; [-0.72  0.31]; [-0.71   0.36]; [-0.52 -0.89]; [-0.72  0.37]; [-0.12 -0.31]; [ 0.46  0.33]; [ 1.15 -0.37]; [-1.12  0.27]; [ 0.58  0.17]; [ 0.23  1.39]; [ 0.54  0.90]; [ 0.05 -0.07 ]; [ 0.67 -0.06]; [-0.22 -1.13]; [ 0.33  0.77]; [-0.71  0.35 ]; [-0.72  0.36]; [ 0.19 -0.39]; [-0.35 -0.97]; [-0.73  0.29]; [-0.46 -0.37]; [-0.62 -0.40 ]; [ 0.16   -0.80]; [ 0.06 -1.17]; [-0.73  -0.29]; [-0.39 -0.49]; [-0.98  0.04]; [ 0.94  0.13]; [-0.38  -0.10]; [ 0.22 -0.83]],PESmin [-0.43],HYPdraws [array([0.54  0.01  0.23])  array([0.57  0.01   0.21 ])  array([0.52  0.02  0.17])  array([0.61  0.02  0.18])  array([0.63   0.01  0.21 ])  array([0.79  0.02  0.15])  array([0.79  0.01  0.28])  array([0.69  0.02  0.27])  array([0.99  0.02   0.21])  array([0.48  0.02  0.11])  array([0.84   0.00  0.61])  array([0.71  0.02  0.23])  array([0.66  0.02  0.17])  array([0.68  0.01  0.36])  array([0.64  0.01  0.29])  array([0.82  0.04  0.11])  array([0.53  0.02  0.13 ])  array([0.58  0.02  0.07 ])  array([0.41  0.01  0.13 ])  array([0.67  0.01  0.45])  array([0.49  0.02  0.13])  array([0.52  0.01  0.11])  array([0.43  0.01  0.22])  array([0.55  0.01  0.23])  array([0.58  0.02  0.11  ])  array([0.50  0.02  0.15])  array([0.68  0.02  0.22])  array([0.53  0.01  0.13])],PIatX [0.57]reuseH [array([0.54  0.01  0.23])  array([0.57  0.01   0.21 ])  array([0.52  0.02  0.17])  array([0.61  0.02  0.18])  array([0.63   0.01  0.21 ])  array([0.79  0.02  0.15])  array([0.79  0.01  0.28])  array([0.69  0.02  0.27])  array([0.99  0.02   0.21])  array([0.48  0.02  0.11])  array([0.84   0.00  0.61])  array([0.71  0.02  0.23])  array([0.66  0.02  0.17])  array([0.68  0.01  0.36])  array([0.64  0.01  0.29])  array([0.82  0.04  0.11])  array([0.53  0.02  0.13 ])  array([0.58  0.02  0.07 ])  array([0.41  0.01  0.13 ])  array([0.67  0.01  0.45])  array([0.49  0.02  0.13])  array([0.52  0.01  0.11])  array([0.43  0.01  0.22])  array([0.55  0.01  0.23])  array([0.58  0.02  0.11  ])  array([0.50  0.02  0.15])  array([0.68  0.02  0.22])  array([0.53  0.01  0.13])],R [[-0.81 -0.57]; [-0.57  0.81]],rpve 0.0,ppveatx 0.61
24, 0.4565019502484878, 0.915883755977292, [nan], 0.0, 22.202984405421066, 1.0, 0.5514543037362073, 0.6362131340848485, 21.767449814993068,45.663816, 0.000619000000028791, 0.15191799999990963, 17:46:19  16-04-20,1e-16,AQvalue [0.12],HYPstats {'mean': array([0.65  0.23  0.02])  'std': array([0.11  0.12   0.00])  'max': array([0.91  0.53   0.05])  'min': array([0.45  0.06   0.00])},DIRECTmessage b'CONVERGENCE: REL_REDUCTION_OF_F_<=_FACTR*EPSMCH',host blossom-instance,kindex 0,mindraws [[ 1.30 -0.17]; [ 0.30 -0.93]; [ 1.11 -0.44]; [ 0.75 -0.27]; [-0.34 -1.13]; [-0.89  0.30]; [ 0.62 -0.42]; [ 0.07 -0.26]; [ 0.14  0.97]; [-0.89 -0.40]; [-0.11  0.70 ]; [-0.60 -0.67]; [-0.88 -0.44]; [-0.22 -0.17]; [-0.29 -1.25]; [ 0.67 -0.66]; [-0.48 -0.81]; [-0.40  0.30]; [ 0.45 -0.87]; [-0.35 -0.22]; [-0.08  0.39 ]; [ 0.75  0.55]; [-0.60  0.47]; [ 1.01  0.02]; [-0.44  0.50]; [ 0.34  1.23]; [-0.26 -0.23]; [ 0.13  1.30]; [ 0.90 -0.22]; [ 0.79  0.46 ]; [-0.46 -1.07]; [ 0.73  0.26]; [-0.34   0.42]; [ 0.36  0.28 ]; [-0.15 -0.11]; [ 0.73  0.62]],PESmin [-0.12],HYPdraws [array([0.61  0.08   0.02])  array([0.72  0.15  0.02])  array([0.65  0.27    0.01])  array([0.51   0.34  0.02 ])  array([0.45  0.18  0.01])  array([0.57  0.20  0.02])  array([0.66  0.20  0.02])  array([0.72  0.25   0.01])  array([0.54  0.17  0.01 ])  array([0.75  0.42  0.01])  array([0.76  0.16  0.02])  array([0.53  0.24   0.01])  array([0.54  0.11  0.02])  array([0.61  0.50     0.00])  array([0.65  0.20  0.01])  array([0.58  0.12   0.02])  array([0.69  0.26  0.01])  array([0.50  0.32  0.01])  array([0.91  0.41  0.02])  array([0.57  0.07  0.02])  array([0.80    0.06   0.05])  array([0.75  0.14  0.01])  array([0.74  0.34  0.01])  array([0.82  0.16  0.02])  array([0.62  0.53   0.01 ])  array([0.72  0.22  0.02])  array([0.76  0.21  0.02])  array([0.47   0.07  0.02 ])],PIatX [0.09]reuseH [array([0.61  0.08   0.02])  array([0.72  0.15  0.02])  array([0.65  0.27    0.01])  array([0.51   0.34  0.02 ])  array([0.45  0.18  0.01])  array([0.57  0.20  0.02])  array([0.66  0.20  0.02])  array([0.72  0.25   0.01])  array([0.54  0.17  0.01 ])  array([0.75  0.42  0.01])  array([0.76  0.16  0.02])  array([0.53  0.24   0.01])  array([0.54  0.11  0.02])  array([0.61  0.50     0.00])  array([0.65  0.20  0.01])  array([0.58  0.12   0.02])  array([0.69  0.26  0.01])  array([0.50  0.32  0.01])  array([0.91  0.41  0.02])  array([0.57  0.07  0.02])  array([0.80    0.06   0.05])  array([0.75  0.14  0.01])  array([0.74  0.34  0.01])  array([0.82  0.16  0.02])  array([0.62  0.53   0.01 ])  array([0.72  0.22  0.02])  array([0.76  0.21  0.02])  array([0.47   0.07  0.02 ])],R [[ 0.82  0.57]; [-0.57  0.82]],rpve 0.0,ppveatx 0.40
25, 0.8547102391473601, 0.3183249731222459, [nan], 0.0, 22.26377229672087, 1.0, 0.5795706664088887, 0.7023592013966242, 21.642409535198887,45.290410000000065, 0.0005249999999250576, 0.14958799999999428, 17:47:00  16-04-20,1e-16,AQvalue [0.09],HYPstats {'mean': array([0.59  0.13  0.02])  'std': array([0.06  0.05     0.01])  'max': array([0.75  0.33  0.06])  'min': array([0.47  0.06   0.00 ])},DIRECTmessage b'CONVERGENCE: NORM_OF_PROJECTED_GRADIENT_<=_PGTOL',host blossom-instance,kindex 0,mindraws [[ 0.40 -0.44]; [ 0.99 -0.41]; [-0.05 -0.95]; [ 0.60 -0.69]; [-0.80 -0.20]; [-0.33   0.60]; [-0.11  0.38]; [-0.03 -0.99]; [ 0.71 -0.49 ]; [-0.47 -0.10]; [-1.09   0.20 ]; [-0.45  0.82]; [-0.98 -0.21]; [-0.20 -1.33]; [-1.19  0.40]; [-0.63 -0.50]; [ 0.98 -0.15 ]; [-0.88  0.26]; [-0.22 -0.46]; [-0.99 -0.09]; [-0.87 -0.32]; [ 0.58  0.65]; [-0.07  0.70]; [ 0.52 -0.44]; [-0.20  1.00]; [-0.71   0.26]; [-0.17  1.02]; [-0.77  0.28]; [-1.10  0.01]; [-0.35 -1.05]; [ 1.09 -0.21]; [-0.68  0.29]; [-0.77  0.28]; [-0.76  0.28]; [-1.25  0.07]; [-0.77  0.28]],PESmin [-0.09],HYPdraws [array([0.57  0.24  0.01])  array([0.60  0.12  0.02])  array([0.51  0.11  0.01])  array([0.47  0.09  0.02])  array([0.58  0.13  0.01])  array([0.59  0.18  0.02])  array([0.62  0.11  0.00])  array([0.47  0.16  0.01])  array([0.55  0.11  0.01])  array([0.56  0.11  0.02 ])  array([0.54  0.11  0.01])  array([0.52  0.11  0.02])  array([0.56    0.06  0.05])  array([0.66    0.06   0.06])  array([0.61  0.10   0.03])  array([0.59  0.13  0.02])  array([0.55   0.14  0.02])  array([0.57  0.17  0.02])  array([0.55  0.08   0.02])  array([0.58  0.08  0.03])  array([0.65  0.16  0.02 ])  array([0.64  0.33  0.00 ])  array([0.75  0.12  0.02])  array([0.70  0.12  0.02])  array([0.61  0.10   0.02])  array([0.68  0.15  0.03  ])  array([0.74  0.14  0.02])  array([0.60  0.17  0.01])],PIatX [0.01]reuseH [array([0.57  0.24  0.01])  array([0.60  0.12  0.02])  array([0.51  0.11  0.01])  array([0.47  0.09  0.02])  array([0.58  0.13  0.01])  array([0.59  0.18  0.02])  array([0.62  0.11  0.00])  array([0.47  0.16  0.01])  array([0.55  0.11  0.01])  array([0.56  0.11  0.02 ])  array([0.54  0.11  0.01])  array([0.52  0.11  0.02])  array([0.56    0.06  0.05])  array([0.66    0.06   0.06])  array([0.61  0.10   0.03])  array([0.59  0.13  0.02])  array([0.55   0.14  0.02])  array([0.57  0.17  0.02])  array([0.55  0.08   0.02])  array([0.58  0.08  0.03])  array([0.65  0.16  0.02 ])  array([0.64  0.33  0.00 ])  array([0.75  0.12  0.02])  array([0.70  0.12  0.02])  array([0.61  0.10   0.02])  array([0.68  0.15  0.03  ])  array([0.74  0.14  0.02])  array([0.60  0.17  0.01])],R [[-0.83 -0.55]; [-0.55  0.83]],rpve 0.0,ppveatx 0.46
26, 0.48240451593483263, 0.6624274253869431, [nan], 0.0, 21.848751242946204, 1.0, 0.9974092993997214, 0.6739635147858847, 21.004578165924936,46.651748999999995, 0.0005889999999908468, 0.14674600000000737, 17:47:42  16-04-20,1e-16,AQvalue [0.40],HYPstats {'mean': array([0.59  0.19  0.01])  'std': array([0.08  0.10  0.01 ])  'max': array([0.88  0.44  0.04])  'min': array([0.48  0.07  0.00  ])},DIRECTmessage b'CONVERGENCE: REL_REDUCTION_OF_F_<=_FACTR*EPSMCH',host blossom-instance,kindex 0,mindraws [[-0.02 -0.43]; [ 1.14  0.03]; [ 1.32 -0.25]; [ 0.14 -0.81]; [ 0.19 -0.84]; [-0.81  0.07]; [ 0.85  0.27]; [-0.28 -1.29  ]; [-0.91 -0.33]; [ 0.57 -0.45]; [ 0.75   0.28]; [-0.31  0.79]; [ 0.56  0.28]; [-1.07   0.25]; [-0.16 -0.17]; [ 0.75   0.28]; [-0.55 -0.96]; [ 0.34   0.15]; [ 0.96  0.28]; [ 0.80  0.28]; [-0.34 -1.05]; [ 0.23  0.97]; [ 0.15  1.22]; [ 0.30  0.94]; [ 0.85 -0.50]; [-0.41  0.79]; [ 0.15 -0.29]; [ 0.12   0.82]; [-0.34  0.89]; [-0.33 -0.03]; [ 0.53  -0.52]; [ 1.14  0.03]; [ 0.28  0.97]; [ 0.70  0.27]; [-0.02 -0.43]; [-0.76  0.66]],PESmin [-0.40],HYPdraws [array([0.54  0.15  0.00  ])  array([0.54  0.24  0.01 ])  array([0.48  0.09      0.01])  array([0.71  0.22  0.01 ])  array([0.51  0.20  0.02])  array([0.50  0.20   0.00])  array([0.51   0.18   0.01])  array([0.61  0.15  0.02])  array([0.66   0.09  0.03])  array([0.54   0.33  0.00])  array([0.66  0.32  0.00])  array([0.61  0.12   0.02])  array([0.64   0.13   0.01])  array([0.65  0.08  0.02])  array([0.69  0.13  0.02])  array([0.50  0.09  0.02])  array([0.50  0.18  0.02])  array([0.52  0.21  0.00])  array([0.57  0.07  0.01])  array([0.63  0.12  0.02])  array([0.88  0.10   0.04])  array([0.52  0.19  0.01])  array([0.64  0.38  0.00])  array([0.67  0.40  0.00])  array([0.53  0.15  0.02])  array([0.55  0.12  0.02])  array([0.55  0.44  0.00])  array([0.55  0.30  0.00 ])],PIatX [0.35]reuseH [array([0.54  0.15  0.00  ])  array([0.54  0.24  0.01 ])  array([0.48  0.09      0.01])  array([0.71  0.22  0.01 ])  array([0.51  0.20  0.02])  array([0.50  0.20   0.00])  array([0.51   0.18   0.01])  array([0.61  0.15  0.02])  array([0.66   0.09  0.03])  array([0.54   0.33  0.00])  array([0.66  0.32  0.00])  array([0.61  0.12   0.02])  array([0.64   0.13   0.01])  array([0.65  0.08  0.02])  array([0.69  0.13  0.02])  array([0.50  0.09  0.02])  array([0.50  0.18  0.02])  array([0.52  0.21  0.00])  array([0.57  0.07  0.01])  array([0.63  0.12  0.02])  array([0.88  0.10   0.04])  array([0.52  0.19  0.01])  array([0.64  0.38  0.00])  array([0.67  0.40  0.00])  array([0.53  0.15  0.02])  array([0.55  0.12  0.02])  array([0.55  0.44  0.00])  array([0.55  0.30  0.00 ])],R [[ 0.83  0.55]; [-0.55  0.83]],rpve 0.0,ppveatx 0.42
27, 0.2950754614120052, 0.5446614175336095, [nan], 0.0, 21.657612529556893, 1.0, 0.9849108560742272, 0.701478456808164, 21.715572375403823,47.24643800000001, 0.0005500000000893124, 0.14224500000000262, 17:48:26  16-04-20,1e-16,AQvalue [0.27],HYPstats {'mean': array([0.58  0.38  0.00])  'std': array([0.09  0.26  0.01])  'max': array([0.79  1.10  0.05])  'min': array([0.44  0.02  0.00])},DIRECTmessage b'CONVERGENCE: REL_REDUCTION_OF_F_<=_FACTR*EPSMCH',host blossom-instance,kindex 0,mindraws [[-0.24  0.56]; [-0.44   0.01 ]; [-0.27  -1.23]; [-0.52  -0.49]; [ 1.02  0.23]; [-0.33   0.56]; [-0.96  0.53]; [ 0.59  0.23 ]; [-0.66 -0.75]; [ 0.48 -0.58 ]; [-0.09  0.28]; [ 0.38 -0.90]; [-0.50 -0.50]; [ 0.39  1.12]; [ 0.21 -1.04]; [ 0.40 -0.43]; [ 0.22  1.29]; [-0.51  0.27]; [-0.85  0.11]; [ 0.09  1.09]; [-0.52 -1.00]; [-0.66  0.60]; [-0.49 -0.28]; [-0.02  0.57]; [-0.09  0.28]; [-0.59  0.50]; [ 0.11  -0.10]; [-0.22 -0.58]; [-0.42  0.57]; [-0.31 -0.99]; [-0.50 -0.71]; [-0.35   0.03]; [-0.10 -0.29]; [-0.11  0.79]; [-0.05  0.00]; [-0.03  1.07]],PESmin [-0.27],HYPdraws [array([0.79  0.27  0.00])  array([0.54  0.34  0.00 ])  array([0.58  0.32   0.00])  array([0.68  0.49  0.00])  array([0.55  0.27  0.00])  array([0.53  0.30  0.00])  array([0.51  0.51  0.00])  array([0.61  0.47  0.00])  array([0.58  0.49  0.00])  array([0.56  0.24  0.00])  array([0.58  0.40  0.00])  array([0.77  0.03  0.01])  array([0.53  0.04  0.03])  array([0.79  0.02  0.05])  array([0.72  0.03  0.03])  array([0.59  0.03  0.03])  array([0.76  0.12  0.00])  array([0.46  0.24  0.00])  array([0.53  0.54  0.00])  array([0.56   1.10  0.00])  array([0.57  0.22  0.00  ])  array([0.53  0.47  0.00])  array([0.53  0.96  0.00])  array([0.46  0.50  0.00])  array([0.44  0.49  0.00 ])  array([0.51   0.75  0.00])  array([0.60  0.43  0.00])  array([0.50   0.50  0.00])],PIatX [0.28]reuseH [array([0.79  0.27  0.00])  array([0.54  0.34  0.00 ])  array([0.58  0.32   0.00])  array([0.68  0.49  0.00])  array([0.55  0.27  0.00])  array([0.53  0.30  0.00])  array([0.51  0.51  0.00])  array([0.61  0.47  0.00])  array([0.58  0.49  0.00])  array([0.56  0.24  0.00])  array([0.58  0.40  0.00])  array([0.77  0.03  0.01])  array([0.53  0.04  0.03])  array([0.79  0.02  0.05])  array([0.72  0.03  0.03])  array([0.59  0.03  0.03])  array([0.76  0.12  0.00])  array([0.46  0.24  0.00])  array([0.53  0.54  0.00])  array([0.56   1.10  0.00])  array([0.57  0.22  0.00  ])  array([0.53  0.47  0.00])  array([0.53  0.96  0.00])  array([0.46  0.50  0.00])  array([0.44  0.49  0.00 ])  array([0.51   0.75  0.00])  array([0.60  0.43  0.00])  array([0.50   0.50  0.00])],R [[-0.83 -0.55 ]; [-0.55   0.83]],rpve 0.0,ppveatx 0.45
28, 0.3975059625835494, 0.6162286110909792, [nan], 0.0, 21.761086613636987, 1.0, 0.43142475240997463, 0.6377360434193764, 20.474857007632103,48.28142700000001, 0.0005260000000362197, 0.14963699999998425, 17:49:08  16-04-20,1e-16,AQvalue [0.35],HYPstats {'mean': array([0.61  0.02  0.04])  'std': array([0.07  0.01  0.01])  'max': array([0.86   0.04  0.07])  'min': array([0.51  0.00  0.01])},DIRECTmessage b'CONVERGENCE: REL_REDUCTION_OF_F_<=_FACTR*EPSMCH',host blossom-instance,kindex 0,mindraws [[-2.87e-01  6.75e-01]; [-2.93e-01  6.57e-01]; [ 2.64e-01 -8.62e-02]; [-2.93e-01  8.80e-01]; [ 1.19e+00 -9.84e-02]; [-2.87e-01  6.75e-01]; [-9.25e-02 -8.06e-01]; [-9.19e-01  1.02e-01]; [-2.93e-01  8.80e-01]; [-2.56e-01 -5.09e-01]; [ 1.15e-04  1.17e+00]; [ 1.33e+00 -2.35e-01]; [-1.11e+00  1.06e-01]; [ 6.30e-01 -2.72e-01]; [-5.43e-01  7.37e-01]; [-2.90e-01  8.71e-01]; [-1.09e-01  5.47e-01]; [-1.37e-01 -3.65e-01]; [ 1.03e+00 -1.33e-01]; [-4.17e-01 -4.77e-01]; [-2.51e-01 -6.42e-01]; [ 9.69e-01 -1.84e-01]; [ 9.18e-01 -2.81e-01]; [ 2.12e-01 -2.91e-01]; [-8.00e-01 -2.49e-01]; [ 5.63e-01  8.52e-01]; [ 4.05e-01  2.32e-01]; [-2.97e-01  9.05e-01]; [ 3.91e-01  2.03e-01]; [ 7.29e-01  2.60e-01]; [-3.06e-01  7.11e-01]; [ 1.15e+00 -1.42e-01]; [-1.86e-01  3.06e-01]; [-2.31e-01  6.56e-01]; [-2.91e-01  6.72e-01]; [ 2.39e-01  7.16e-01]],PESmin [-0.35],HYPdraws [array([0.56  0.04  0.02])  array([0.56  0.04  0.04])  array([0.60  0.03  0.04])  array([0.54  0.01  0.06])  array([0.58    0.03  0.04])  array([0.72  0.03  0.02 ])  array([0.73  0.04  0.04])  array([0.58  0.02  0.05])  array([0.59  0.02  0.01])  array([0.63  0.03  0.05])  array([0.57  0.01  0.04])  array([0.86   0.02  0.03])  array([0.70  0.00  0.04])  array([0.62  0.03  0.05])  array([0.54  0.01  0.06])  array([0.54  0.01  0.03])  array([0.62  0.01  0.05])  array([0.51  0.02  0.02])  array([0.57  0.03   0.05])  array([0.58  0.04  0.04])  array([0.53  0.02  0.03])  array([0.69  0.01  0.07])  array([0.68  0.03  0.06])  array([0.55  0.03  0.04])  array([0.61  0.01  0.04])  array([0.53  0.03   0.03])  array([0.64  0.02  0.04])  array([0.62  0.01  0.03])],PIatX [0.39]reuseH [array([0.56  0.04  0.02])  array([0.56  0.04  0.04])  array([0.60  0.03  0.04])  array([0.54  0.01  0.06])  array([0.58    0.03  0.04])  array([0.72  0.03  0.02 ])  array([0.73  0.04  0.04])  array([0.58  0.02  0.05])  array([0.59  0.02  0.01])  array([0.63  0.03  0.05])  array([0.57  0.01  0.04])  array([0.86   0.02  0.03])  array([0.70  0.00  0.04])  array([0.62  0.03  0.05])  array([0.54  0.01  0.06])  array([0.54  0.01  0.03])  array([0.62  0.01  0.05])  array([0.51  0.02  0.02])  array([0.57  0.03   0.05])  array([0.58  0.04  0.04])  array([0.53  0.02  0.03])  array([0.69  0.01  0.07])  array([0.68  0.03  0.06])  array([0.55  0.03  0.04])  array([0.61  0.01  0.04])  array([0.53  0.03   0.03])  array([0.64  0.02  0.04])  array([0.62  0.01  0.03])],R [[ 0.55 -0.83]; [ 0.83  0.55]],rpve 0.0,ppveatx 0.49
29, 0.4347787920522091, 0.6373238950820715, [nan], 0.0, 20.38087659232326, 1.0, 0.4296800679069499, 0.6346667514968021, 20.32463974503304,48.89788800000008, 0.0005499999999756255, 0.15134299999999712, 17:49:52  16-04-20,1e-16,AQvalue [0.28],HYPstats {'mean': array([0.59  0.03  0.06])  'std': array([0.08  0.02  0.07])  'max': array([0.81  0.11  0.27])  'min': array([0.44  0.00  0.00 ])},DIRECTmessage b'CONVERGENCE: REL_REDUCTION_OF_F_<=_FACTR*EPSMCH',host blossom-instance,kindex 0,mindraws [[-0.39 -0.62]; [-0.87    0.29]; [-0.27 -0.44]; [ 1.03  0.09 ]; [ 0.63  0.62]; [ 0.77  0.25]; [ 1.03 -0.39 ]; [ 0.26  1.35]; [ 0.43  1.13]; [ 0.25  0.30]; [-0.01 -0.75]; [-0.45  -0.63]; [-0.33  0.54]; [-0.15  0.67]; [ 0.11  0.70]; [ 0.28  0.13]; [ 0.72 -0.61 ]; [ 0.69  0.18]; [ 1.30 -0.16]; [-0.06 -1.14]; [-0.07  -0.40]; [ 0.66 -0.34]; [ 0.87 -0.25]; [ 0.81 -0.14]; [-0.87    0.29]; [ 0.63  0.70  ]; [-0.18  0.37]; [ 0.89  0.00]; [ 0.50 -0.37]; [ 0.27  0.23]; [ 0.07  0.15]; [ 0.46  0.01]; [ 0.47  0.37]; [-0.00  0.34  ]; [-0.87    0.29]; [ 0.33 -0.23]],PESmin [-0.28],HYPdraws [array([0.69  0.00  0.27])  array([0.54  0.00  0.12])  array([0.59  0.00  0.18])  array([0.60  0.00  0.22])  array([0.49  0.00  0.16])  array([0.44  0.00   0.21])  array([0.57  0.00  0.16])  array([0.57  0.01  0.02  ])  array([0.75  0.04  0.01])  array([0.62  0.02  0.03])  array([0.59   0.04  0.02])  array([0.76  0.03  0.02])  array([0.62  0.05    0.02])  array([0.60  0.11  0.00 ])  array([0.53   0.06  0.01])  array([0.53  0.02  0.01])  array([0.46  0.02  0.02 ])  array([0.56  0.04  0.01])  array([0.54  0.05  0.01])  array([0.81  0.06  0.03])  array([0.69  0.06  0.01])  array([0.50  0.05  0.01])  array([0.55  0.01  0.01])  array([0.69  0.04  0.03])  array([0.54  0.03  0.02])  array([0.63  0.04  0.01])  array([0.51  0.04  0.02])  array([0.54  0.03  0.01 ])],PIatX [0.31]reuseH [array([0.69  0.00  0.27])  array([0.54  0.00  0.12])  array([0.59  0.00  0.18])  array([0.60  0.00  0.22])  array([0.49  0.00  0.16])  array([0.44  0.00   0.21])  array([0.57  0.00  0.16])  array([0.57  0.01  0.02  ])  array([0.75  0.04  0.01])  array([0.62  0.02  0.03])  array([0.59   0.04  0.02])  array([0.76  0.03  0.02])  array([0.62  0.05    0.02])  array([0.60  0.11  0.00 ])  array([0.53   0.06  0.01])  array([0.53  0.02  0.01])  array([0.46  0.02  0.02 ])  array([0.56  0.04  0.01])  array([0.54  0.05  0.01])  array([0.81  0.06  0.03])  array([0.69  0.06  0.01])  array([0.50  0.05  0.01])  array([0.55  0.01  0.01])  array([0.69  0.04  0.03])  array([0.54  0.03  0.02])  array([0.63  0.04  0.01])  array([0.51  0.04  0.02])  array([0.54  0.03  0.01 ])],R [[-0.82 -0.55]; [-0.55  0.82]],rpve 0.0,ppveatx 0.40
30, -0.6606440424555228, -0.22993852378234206, [nan], 0.0, 20.86211373348615, 1.0, 0.5295616478066444, 0.7021146833259516, 20.400892722458075,50.30216600000006, 0.0005569999999579522, 0.15398700000002918, 17:50:37  16-04-20,1e-16,AQvalue [0.08],HYPstats {'mean': array([0.58  0.02  0.04])  'std': array([0.06  0.00   0.01])  'max': array([0.71  0.03  0.07])  'min': array([0.46  0.00  0.01 ])},DIRECTmessage b'CONVERGENCE: REL_REDUCTION_OF_F_<=_FACTR*EPSMCH',host blossom-instance,kindex 0,mindraws [[ 0.77 -0.49]; [-0.24 -0.28]; [-0.28  0.87]; [ 0.10  0.08]; [ 1.32 -0.19]; [-0.28  0.87]; [-0.28  0.87]; [-0.27  0.85]; [ 0.23  1.33]; [-0.97 -0.12]; [-0.25  0.69]; [-0.27  0.85]; [-1.04 -0.22]; [-0.22  0.41 ]; [-0.18 -0.67]; [ 0.86 -0.03]; [ 1.12 -0.21]; [ 1.05 -0.34]; [-0.28  0.87]; [ 0.66  0.10]; [-0.27  0.85]; [-0.25  0.69]; [-1.18  0.21]; [ 0.41  0.67 ]; [ 0.80  -0.09]; [-0.29   0.82]; [ 0.57  0.90]; [-1.11  0.01]; [-0.39 -1.17]; [-0.16  -0.66]; [ 0.22  1.34]; [-0.18 -1.24  ]; [-0.40  0.27]; [ 0.61  0.13]; [ 0.06 -0.85]; [-0.28  0.87]],PESmin [-0.08],HYPdraws [array([0.56  0.01  0.03])  array([0.60  0.03  0.02])  array([0.61  0.01  0.04])  array([0.69  0.03  0.06])  array([0.46  0.01  0.04])  array([0.51  0.01  0.01 ])  array([0.52  0.02  0.05])  array([0.53   0.00  0.07])  array([0.54  0.01  0.01 ])  array([0.52  0.01  0.05])  array([0.47  0.02  0.02])  array([0.50  0.01  0.05])  array([0.61  0.03  0.04])  array([0.56  0.02  0.02])  array([0.53  0.01  0.02])  array([0.59  0.01  0.02 ])  array([0.69  0.02  0.03])  array([0.67  0.02  0.05])  array([0.62   0.02  0.02])  array([0.52  0.01  0.06])  array([0.71  0.02  0.05])  array([0.53  0.01  0.04 ])  array([0.58   0.02   0.01])  array([0.69  0.01  0.07 ])  array([0.55  0.02   0.02])  array([0.62  0.02  0.03 ])  array([0.66  0.01  0.05])  array([0.53  0.01  0.04])],PIatX [0.00]reuseH [array([0.56  0.01  0.03])  array([0.60  0.03  0.02])  array([0.61  0.01  0.04])  array([0.69  0.03  0.06])  array([0.46  0.01  0.04])  array([0.51  0.01  0.01 ])  array([0.52  0.02  0.05])  array([0.53   0.00  0.07])  array([0.54  0.01  0.01 ])  array([0.52  0.01  0.05])  array([0.47  0.02  0.02])  array([0.50  0.01  0.05])  array([0.61  0.03  0.04])  array([0.56  0.02  0.02])  array([0.53  0.01  0.02])  array([0.59  0.01  0.02 ])  array([0.69  0.02  0.03])  array([0.67  0.02  0.05])  array([0.62   0.02  0.02])  array([0.52  0.01  0.06])  array([0.71  0.02  0.05])  array([0.53  0.01  0.04 ])  array([0.58   0.02   0.01])  array([0.69  0.01  0.07 ])  array([0.55  0.02   0.02])  array([0.62  0.02  0.03 ])  array([0.66  0.01  0.05])  array([0.53  0.01  0.04])],R [[ 0.56 -0.82]; [ 0.82  0.56]],rpve 0.0,ppveatx 0.51
31, 0.3571828404847376, -0.738963676165732, [nan], 0.0, 21.56895677988602, 1.0, 0.4295584261370881, 0.6342439707407218, 20.322281423613273,49.15451499999995, 0.0005130000000690416, 0.15493399999991198, 17:51:20  16-04-20,1e-16,AQvalue [0.08],HYPstats {'mean': array([0.60  0.04  0.02  ])  'std': array([0.08  0.01  0.00])  'max': array([0.79  0.06  0.03])  'min': array([0.44  0.01  0.00])},DIRECTmessage b'CONVERGENCE: NORM_OF_PROJECTED_GRADIENT_<=_PGTOL',host blossom-instance,kindex 0,mindraws [[ 0.76 -0.37]; [ 0.04 -0.87]; [-0.58  0.81]; [ 0.29  0.82]; [ 0.95  0.29]; [ 0.39 -0.88]; [-0.50 -1.01]; [-0.82 -0.11]; [-0.60  -0.02 ]; [-0.17 -0.97]; [ 0.57 -0.51]; [ 0.68 -0.27]; [ 1.27 -0.33]; [ 0.15  0.39]; [-1.22  0.36]; [ 0.89 -0.51]; [-0.38 -0.26]; [-0.17 -1.04 ]; [ 0.28  0.85 ]; [ 0.30  1.26  ]; [ 0.16 -0.94]; [ 0.07  0.81]; [-0.48  0.58]; [ 0.75  0.52]; [ 0.85 -0.20]; [-0.13 -0.80]; [-0.15 -0.07]; [ 0.30  0.84]; [-0.37  -1.02]; [-0.30 -0.46]; [ 0.39 -0.20 ]; [ 0.93 -0.47]; [-0.64 -0.12]; [ 0.28  0.82]; [-0.79 -0.12]; [-0.25  1.02]],PESmin [-0.08],HYPdraws [array([0.79  0.03  0.02 ])  array([0.52  0.01  0.02])  array([0.58  0.05  0.01  ])  array([0.67  0.04  0.03])  array([0.64  0.06  0.02])  array([0.47  0.02   0.01])  array([0.53  0.03  0.00])  array([0.58  0.02  0.02])  array([0.60   0.05  0.01])  array([0.59  0.04  0.03])  array([0.44  0.04  0.02 ])  array([0.68  0.01  0.01])  array([0.59  0.03  0.02])  array([0.60  0.05  0.02])  array([0.53  0.02  0.01  ])  array([0.66  0.05  0.03 ])  array([0.60  0.02  0.02])  array([0.57  0.04  0.02])  array([0.59   0.04  0.01])  array([0.75  0.04  0.02])  array([0.55  0.01   0.01])  array([0.72  0.06  0.02])  array([0.56   0.06  0.01 ])  array([0.44  0.03   0.03])  array([0.72  0.06  0.01])  array([0.55  0.04  0.01])  array([0.62  0.03  0.02])  array([0.54  0.02  0.02])],PIatX [0.01]reuseH [array([0.79  0.03  0.02 ])  array([0.52  0.01  0.02])  array([0.58  0.05  0.01  ])  array([0.67  0.04  0.03])  array([0.64  0.06  0.02])  array([0.47  0.02   0.01])  array([0.53  0.03  0.00])  array([0.58  0.02  0.02])  array([0.60   0.05  0.01])  array([0.59  0.04  0.03])  array([0.44  0.04  0.02 ])  array([0.68  0.01  0.01])  array([0.59  0.03  0.02])  array([0.60  0.05  0.02])  array([0.53  0.02  0.01  ])  array([0.66  0.05  0.03 ])  array([0.60  0.02  0.02])  array([0.57  0.04  0.02])  array([0.59   0.04  0.01])  array([0.75  0.04  0.02])  array([0.55  0.01   0.01])  array([0.72  0.06  0.02])  array([0.56   0.06  0.01 ])  array([0.44  0.03   0.03])  array([0.72  0.06  0.01])  array([0.55  0.04  0.01])  array([0.62  0.03  0.02])  array([0.54  0.02  0.02])],R [[-0.56  0.82]; [ 0.82  0.56]],rpve 0.0,ppveatx 0.53
32, -0.663097396802486, -0.7315905429971246, [nan], 0.0, 20.344360095449655, 1.0, -0.6630974258387797, -0.7315908148059875, 20.344336434964756,51.23980999999992, 0.0005750000000261934, 0.1504419999999982, 17:52:06  16-04-20,1e-16,AQvalue [0.09],HYPstats {'mean': array([0.60  0.04  0.02])  'std': array([0.06  0.01  0.00])  'max': array([0.75  0.07  0.03])  'min': array([0.49  0.00  0.00])},DIRECTmessage b'CONVERGENCE: REL_REDUCTION_OF_F_<=_FACTR*EPSMCH',host blossom-instance,kindex 0,mindraws [[ 0.77 -0.55]; [-0.48 -0.87]; [ 0.98 -0.50]; [ 0.09 -0.97]; [-0.27 -1.11]; [ 0.61 -0.54]; [ 0.37  -0.07]; [ 0.41 -0.32]; [-0.32 -0.36]; [ 1.13  0.05]; [-0.54 -0.21]; [ 0.69 -0.05]; [-0.90  0.56]; [ 0.13 -0.92 ]; [-1.00 -0.17]; [ 0.09 -0.97]; [ 0.38  0.69]; [-0.23 -0.71]; [-0.02 -1.16]; [-0.16 -1.12 ]; [-0.01 -0.09]; [ 0.50  0.36]; [-0.37   0.48]; [-0.77 -0.17]; [ 0.17  1.08]; [ 0.26 -0.95]; [ 0.47  0.28]; [-0.55 -0.47]; [ 0.83 -0.58]; [-0.93 -0.08]; [ 0.00 -0.38]; [-0.01 -0.09]; [ 0.40  0.30]; [-0.72 -0.04]; [ 0.26 -0.95]; [-0.42 -1.15]],PESmin [-0.09],HYPdraws [array([0.68  0.04  0.01])  array([0.72   0.05  0.02])  array([0.56  0.05  0.02])  array([0.56  0.03  0.02])  array([0.70  0.04  0.02])  array([0.62  0.02  0.01])  array([0.64  0.06   0.02])  array([0.57  0.06  0.02])  array([0.69  0.00  0.03])  array([0.67  0.04  0.02])  array([0.54  0.04  0.02])  array([0.50  0.03   0.02])  array([0.62  0.03  0.02])  array([0.66  0.03  0.02])  array([0.49  0.05  0.01])  array([0.56  0.05  0.02 ])  array([0.75  0.06   0.02])  array([0.65  0.07  0.02])  array([0.56  0.04  0.01])  array([0.60   0.02  0.02])  array([0.59  0.04  0.02])  array([0.51  0.04   0.01])  array([0.57  0.03  0.03])  array([0.65  0.03  0.02])  array([0.53  0.04  0.01])  array([0.60  0.04  0.00])  array([0.57   0.04  0.01])  array([0.55  0.02  0.02])],PIatX [0.01]reuseH [array([0.68  0.04  0.01])  array([0.72   0.05  0.02])  array([0.56  0.05  0.02])  array([0.56  0.03  0.02])  array([0.70  0.04  0.02])  array([0.62  0.02  0.01])  array([0.64  0.06   0.02])  array([0.57  0.06  0.02])  array([0.69  0.00  0.03])  array([0.67  0.04  0.02])  array([0.54  0.04  0.02])  array([0.50  0.03   0.02])  array([0.62  0.03  0.02])  array([0.66  0.03  0.02])  array([0.49  0.05  0.01])  array([0.56  0.05  0.02 ])  array([0.75  0.06   0.02])  array([0.65  0.07  0.02])  array([0.56  0.04  0.01])  array([0.60   0.02  0.02])  array([0.59  0.04  0.02])  array([0.51  0.04   0.01])  array([0.57  0.03  0.03])  array([0.65  0.03  0.02])  array([0.53  0.04  0.01])  array([0.60  0.04  0.00])  array([0.57   0.04  0.01])  array([0.55  0.02  0.02])],R [[ 0.53 -0.84 ]; [ 0.84   0.53]],rpve 0.0,ppveatx 0.51
33, -0.6405276225923723, -0.7647080720621356, [nan], 0.0, 20.944477352107835, 1.0, -0.6617463777440868, -0.7331100697209111, 20.493301384813265,50.784839000000034, 0.0006409999998595595, 0.3497260000001461, 17:52:51  16-04-20,1e-16,AQvalue [0.16],HYPstats {'mean': array([0.64   0.04   0.02])  'std': array([0.10  0.01  0.00])  'max': array([1.02  0.09  0.03])  'min': array([0.47  0.01   0.00])},DIRECTmessage b'CONVERGENCE: REL_REDUCTION_OF_F_<=_FACTR*EPSMCH',host blossom-instance,kindex 0,mindraws [[ 0.04  1.11]; [-0.33  -0.92]; [ 0.05 -0.92]; [-0.50  0.02]; [ 0.09 -0.83]; [-0.43 -0.62 ]; [ 0.22  1.26]; [-1.00  0.49]; [-0.33   0.94 ]; [-0.75 -0.52]; [ 0.22 -0.59]; [ 0.47  0.49]; [-1.29  0.28]; [ 0.50  0.60]; [ 0.56   0.10]; [-0.25 -0.47]; [ 1.07 -0.45]; [ 0.21   1.09]; [ 0.54  0.60]; [ 0.22   0.81]; [ 1.07 -0.45]; [-0.42  0.42]; [-1.00 -0.01]; [ 0.17 -0.71]; [ 0.10  0.64]; [-0.15  -0.82]; [ 1.03 -0.44]; [ 0.48 -0.85]; [-0.82  0.16]; [-0.16 -1.28]; [-0.07 -0.59]; [-0.13   -1.03]; [-0.60  0.78]; [ 0.24 -0.17]; [ 1.27 -0.27  ]; [ 1.15  -0.09]],PESmin [-0.16],HYPdraws [array([0.72  0.05  0.02])  array([0.52   0.04  0.02])  array([0.71  0.04   0.01])  array([0.62  0.02  0.03])  array([0.67  0.06  0.02])  array([0.48  0.03  0.02])  array([0.67  0.04  0.02])  array([0.64  0.06  0.01 ])  array([0.58  0.02  0.01])  array([0.66  0.07  0.01])  array([0.71  0.07  0.01])  array([0.61  0.05  0.02  ])  array([0.58  0.05  0.02])  array([0.70  0.04  0.02])  array([0.47  0.02  0.01])  array([0.59  0.03   0.02])  array([0.59  0.05  0.02])  array([0.58   0.03  0.02])  array([0.50  0.02  0.00])  array([0.81  0.04  0.02])  array([0.67   0.02  0.03])  array([0.67  0.08   0.02 ])  array([0.60  0.05  0.02 ])  array([0.59  0.01   0.02])  array([0.60    0.04  0.01])  array([0.78  0.03  0.02 ])  array([0.71  0.09  0.01])  array([1.02  0.04   0.02])],PIatX [0.17]reuseH [array([0.72  0.05  0.02])  array([0.52   0.04  0.02])  array([0.71  0.04   0.01])  array([0.62  0.02  0.03])  array([0.67  0.06  0.02])  array([0.48  0.03  0.02])  array([0.67  0.04  0.02])  array([0.64  0.06  0.01 ])  array([0.58  0.02  0.01])  array([0.66  0.07  0.01])  array([0.71  0.07  0.01])  array([0.61  0.05  0.02  ])  array([0.58  0.05  0.02])  array([0.70  0.04  0.02])  array([0.47  0.02  0.01])  array([0.59  0.03   0.02])  array([0.59  0.05  0.02])  array([0.58   0.03  0.02])  array([0.50  0.02  0.00])  array([0.81  0.04  0.02])  array([0.67   0.02  0.03])  array([0.67  0.08   0.02 ])  array([0.60  0.05  0.02 ])  array([0.59  0.01   0.02])  array([0.60    0.04  0.01])  array([0.78  0.03  0.02 ])  array([0.71  0.09  0.01])  array([1.02  0.04   0.02])],R [[-0.55  0.83]; [ 0.83  0.55]],rpve 0.0,ppveatx 0.69
34, -0.6885750606217893, -0.6986475078639689, [nan], 0.0, 21.48562935096724, 1.0, 0.30006283359354324, 0.8066929505511962, 20.796514781099617,59.76387399999999, 0.0005470000000968867, 0.3525759999999991, 17:53:40  16-04-20,1e-16,AQvalue [0.24],HYPstats {'mean': array([0.63  0.04   0.02 ])  'std': array([0.07   0.01  0.00])  'max': array([0.79  0.07  0.03])  'min': array([0.47  0.02  0.00])},DIRECTmessage b'CONVERGENCE: REL_REDUCTION_OF_F_<=_FACTR*EPSMCH',host blossom-instance,kindex 0,mindraws [[ 0.26 -0.39 ]; [ 0.23 -0.75]; [-0.17  0.79]; [-0.12 -0.20]; [-0.35 -1.07]; [ 0.27 -0.65]; [-0.16 -1.08 ]; [ 0.39 -0.09]; [ 0.23 -0.92]; [ 0.81 -0.19]; [-0.25  0.35]; [ 0.20 -0.97]; [ 0.99 -0.16]; [-0.94  0.56]; [-0.35 -1.07]; [ 0.21  1.08]; [-0.41 -1.04]; [ 0.70 -0.37]; [-0.01 -0.77]; [-0.73 -0.69 ]; [-0.30  0.84]; [-0.09 -0.18]; [-0.25  0.81]; [ 0.19 -0.32]; [ 0.34  1.27]; [ 0.74  0.26]; [-0.89  0.47]; [ 0.84  0.31]; [-0.83 -0.37]; [ 0.32  1.30]; [ 0.90 -0.47]; [ 0.53 -0.49 ]; [ 0.20 -0.97]; [ 0.42  0.32]; [-1.07  0.06]; [-0.34  0.80]],PESmin [-0.24],HYPdraws [array([0.68  0.03  0.02])  array([0.68  0.06  0.01])  array([0.55  0.03   0.00])  array([0.59  0.03  0.02])  array([0.66  0.03  0.02 ])  array([0.63   0.03  0.02])  array([0.66  0.04  0.02])  array([0.77  0.03  0.03 ])  array([0.57  0.05  0.02])  array([0.79  0.04  0.03])  array([0.72   0.06  0.02])  array([0.60  0.03  0.03 ])  array([0.66  0.04  0.01])  array([0.57  0.02  0.02])  array([0.65  0.04  0.01])  array([0.64  0.05  0.03])  array([0.59  0.06  0.01])  array([0.48   0.03  0.01 ])  array([0.62  0.05  0.01])  array([0.63  0.03  0.01])  array([0.65  0.04  0.02 ])  array([0.51  0.05  0.01])  array([0.47  0.05  0.02])  array([0.67  0.07  0.02])  array([0.59  0.03  0.03])  array([0.64  0.02  0.02])  array([0.73  0.07  0.02 ])  array([0.65  0.07  0.01])],PIatX [0.23]reuseH [array([0.68  0.03  0.02])  array([0.68  0.06  0.01])  array([0.55  0.03   0.00])  array([0.59  0.03  0.02])  array([0.66  0.03  0.02 ])  array([0.63   0.03  0.02])  array([0.66  0.04  0.02])  array([0.77  0.03  0.03 ])  array([0.57  0.05  0.02])  array([0.79  0.04  0.03])  array([0.72   0.06  0.02])  array([0.60  0.03  0.03 ])  array([0.66  0.04  0.01])  array([0.57  0.02  0.02])  array([0.65  0.04  0.01])  array([0.64  0.05  0.03])  array([0.59  0.06  0.01])  array([0.48   0.03  0.01 ])  array([0.62  0.05  0.01])  array([0.63  0.03  0.01])  array([0.65  0.04  0.02 ])  array([0.51  0.05  0.01])  array([0.47  0.05  0.02])  array([0.67  0.07  0.02])  array([0.59  0.03  0.03])  array([0.64  0.02  0.02])  array([0.73  0.07  0.02 ])  array([0.65  0.07  0.01])],R [[ 0.56 -0.82 ]; [ 0.82   0.56]],rpve 0.0,ppveatx 0.71
